city,question
Add your memory for this city
Add your memory for this city
Add your memory for this city
Add your memory for this city
Add your memory for this city
Add your memory for this city
Add your memory for this city
Add your memory for this city
Add your memory for this city
Add your memory for this city
Add your memory for this city
Add your memory for this city
Add your memory for this city
Add your memory for this city
Add your memory for this city
Add your memory for this city
Add your memory for this city
Add your memory for this city
Add your memory for this city
Add your memory for this city
Add your memory for this city
Add your memory for this city
Add your memory for this city
Add your memory for this city
Add your memory for this city
Add your memory for this city
Add your memory for this city
Add your memory for this city
Add your memory for this city
Add your memory for this city
Add your memory for this city
Add your memory for this city
Add your memory for this city
Add your memory for this city
Add your memory for this city
Add your memory for this city
Add your memory for this city
Add your memory for this city
Add your memory for this city
Add your memory for this city
Add your memory for this city
Add your memory for this city
Add your memory for this city
Add your memory for this city
Add your memory for this city
Add your memory for this city
Add your memory for this city
Add your memory for this city
Add your memory for this city
Add your memory for this city
Add your memory for this city
Add your memory for this city
Add your memory for this city
Add your memory for this city
Add your memory for this city
Add your memory for this city
Add your memory for this city
Add your memory for this city
Add your memory for this city
Add your memory for this city
Add your memory for this city
Add your memory for this city
Add your memory for this city
Add your memory for this city
Add your memory for this city
Add your memory for this city
Add your memory for this city
Add your memory for this city
Add your memory for this city
Add your memory for this city
Add your memory for this city
Add your memory for this city
Add your memory for this city
Add your memory for this city
Add your memory for this city
Add your memory for this city
Add your memory for this city
Add your memory for this city
Add your memory for this city
Add your memory for this city
Add your memory for this city
Add your memory for this city
Add your memory for this city
Add your memory for this city
Add your memory for this city
Add your memory for this city
Add your memory for this city
Add your memory for this city
Add your memory for this city
Add your memory for this city
Add your memory for this city
Add your memory for this city
Add your memory for this city
Add your memory for this city
Add your memory for this city
Add your memory for this city
Add your memory for this city
Add your memory for this city
Add your memory for this city
Add your memory for this city
Add your memory for this city
Add your memory for this city
Add your memory for this city
Add your memory for this city
Add your memory for this city
Add your memory for this city
Add your memory for this city
Add your memory for this city
Add your memory for this city
Add your memory for this city
Add your memory for this city
Add your memory for this city
Add your memory for this city
Add your memory for this city
Add your memory for this city
Add your memory for this city
Add your memory for this city
Add your memory for this city
Add your memory for this city
Add your memory for this city
Add your memory for this city
Add your memory for this city
Add your memory for this city
Add your memory for this city
Add your memory for this city
Add your memory for this city
Add your memory for this city
Add your memory for this city
Add your memory for this city
Add your memory for this city
Add your memory for this city
Add your memory for this city
Add your memory for this city
Add your memory for this city
Add your memory for this city
Add your memory for this city
Add your memory for this city
Add your memory for this city
Add your memory for this city
Add your memory for this city
Add your memory for this city
Add your memory for this city
Add your memory for this city
Add your memory for this city
Add your memory for this city
Add your memory for this city
Add your memory for this city
Add your memory for this city
Add your memory for this city
Add your memory for this city
Add your memory for this city
Add your memory for this city
Add your memory for this city
Add your memory for this city
Add your memory for this city
Add your memory for this city
Add your memory for this city
Add your memory for this city
Add your memory for this city
Add your memory for this city
Add your memory for this city
Add your memory for this city
Add your memory for this city
Add your memory for this city
Add your memory for this city
Add your memory for this city
Add your memory for this city
Add your memory for this city
Add your memory for this city
Add your memory for this city
Add your memory for this city
Add your memory for this city
Add your memory for this city
Add your memory for this city
Add your memory for this city
Add your memory for this city
Add your memory for this city
Add your memory for this city
Add your memory for this city
Add your memory for this city
Add your memory for this city
Add your memory for this city
Add your memory for this city
Add your memory for this city
Add your memory for this city
Add your memory for this city
Add your memory for this city
Add your memory for this city
Add your memory for this city
Add your memory for this city
Add your memory for this city
Add your memory for this city
Add your memory for this city
Add your memory for this city
Add your memory for this city
Add your memory for this city
Add your memory for this city
Add your memory for this city
Add your memory for this city
Add your memory for this city
Add your memory for this city
Add your memory for this city
Add your memory for this city
Add your memory for this city
Add your memory for this city
Add your memory for this city
Add your memory for this city
Add your memory for this city
Add your memory for this city
Add your memory for this city
Add your memory for this city
Add your memory for this city
Add your memory for this city
Add your memory for this city
Add your memory for this city
Add your memory for this city
Add your memory for this city
Add your memory for this city
Add your memory for this city
Add your memory for this city
Add your memory for this city
Add your memory for this city
Add your memory for this city
Add your memory for this city
Add your memory for this city
Add your memory for this city
Add your memory for this city
Add your memory for this city
Add your memory for this city
Add your memory for this city
Add your memory for this city
Add your memory for this city
Add your memory for this city
Add your memory for this city
Add your memory for this city
Add your memory for this city
Add your memory for this city
Add your memory for this city
Add your memory for this city
Add your memory for this city
Add your memory for this city
Add your memory for this city
Add your memory for this city
Add your memory for this city
Add your memory for this city
Add your memory for this city
Add your memory for this city
Add your memory for this city
Add your memory for this city
